store_name,#뷰맛집,#사진명소,#힐링코스,#분위기좋은,#이색체험,#야경명소,#계절명소,#아이와함께,#가족여행,#데이트코스,#우정여행,#혼자여행,#찐맛집,#디저트맛집,#가성비갑,#양푸짐,#주차편함,#친절해요,#넓은공간,#접근성좋은,#청결한,#웨이팅필수,#산책하기좋은,#역사탐방,#전시관람,#액티비티,#실내데이트,#반려동물동반,#무료입장,#휴식하기좋은
9.81파크 제주,0.12073486,0.05397169,0.027007846,0.011792937,0.45358914,0.007411574,0.07423257,0.23467723,0.07858846,0.031587042,0.092770554,0.054798987,0.013264426,0.034865927,0.034443915,0.014736894,0.0159065,0.121980846,0.03691249,0.032666054,0.04026754,0.24455518,0.008082255,0.0049361265,0.005353301,0.34012586,0.13657366,0.01846778,0.01592719,0.015475085
N서울타워,0.3659114,0.096383736,0.046024006,0.0401548,0.05812038,0.19239683,0.18389064,0.16545606,0.08564827,0.030079525,0.024932345,0.018718466,0.024937857,0.031340845,0.040313493,0.0051683807,0.03501097,0.041441448,0.0043251812,0.108451545,0.02933241,0.12613879,0.056263965,0.009617223,0.019711459,0.005513917,0.027250899,0.004440238,0.03699448,0.059012927
감천문화마을,0.102853864,0.16117923,0.02266835,0.045444205,0.05641703,0.01922564,0.054716513,0.042566866,0.024308847,0.010666522,0.0193599,0.007258872,0.026609814,0.06825886,0.010844666,0.006720367,0.04631687,0.05767697,0.010522201,0.09340434,0.02525389,0.07732361,0.040307824,0.18662292,0.016355615,0.0032857028,0.0043859966,0.006889742,0.015045045,0.05448867
강릉선교장,0.06432779,0.07435857,0.06371341,0.07540027,0.0925039,0.03773551,0.13443384,0.047783684,0.053337272,0.010136572,0.013757138,0.009185268,0.008242133,0.029782608,0.022252405,0.0067078923,0.015906114,0.04298801,0.040768214,0.0455987,0.07442432,0.047353044,0.18591022,0.0673081,0.04601771,0.004032708,0.027766585,0.0045050285,0.066291414,0.20536421
갯골생태공원,0.13389738,0.1058298,0.060791958,0.019304438,0.07032824,0.01779297,0.20600525,0.09849966,0.06335492,0.022090735,0.011840248,0.004496931,0.027802605,0.016505998,0.0211229,0.0058221864,0.15868074,0.017750166,0.030997941,0.04352019,0.041991863,0.039261214,0.28493503,0.0064364052,0.008954157,0.005367452,0.03269791,0.034321077,0.04642206,0.2923486
거제식물원,0.021082453,0.2496917,0.0457238,0.011399081,0.100651674,0.0044788164,0.2000708,0.1919545,0.12197698,0.02460027,0.015600306,0.011018053,0.0078503685,0.042126343,0.045145646,0.009684534,0.051303547,0.053493053,0.06809322,0.02703911,0.062246267,0.09570144,0.0517321,0.009417817,0.058144763,0.013077597,0.16324091,0.006334673,0.075012766,0.061312154
경복궁,0.13571164,0.19365731,0.0845938,0.10149226,0.075047255,0.06001603,0.30214918,0.08872313,0.041290678,0.016648607,0.024586119,0.0066557415,0.009797557,0.018991375,0.015266997,0.005019965,0.026282344,0.029771589,0.034273744,0.116896875,0.026101122,0.09417184,0.12949608,0.09814804,0.13247064,0.0040133046,0.021373013,0.006346048,0.117022865,0.1419279
경주대릉원,0.12081312,0.33457237,0.11185755,0.057469063,0.040353294,0.04635027,0.28930572,0.053795293,0.032273456,0.01877042,0.010497253,0.004823385,0.022250274,0.015548786,0.011713302,0.0073086787,0.062457938,0.00934834,0.023024768,0.09210746,0.046467986,0.10668283,0.34377143,0.07931729,0.04213112,0.0040405425,0.034454234,0.007563828,0.15004814,0.34347025
경주월드,0.014481003,0.030365933,0.020014368,0.015776984,0.35520196,0.006073089,0.08793017,0.18440014,0.030678192,0.014431802,0.03267961,0.009131164,0.046271753,0.01697231,0.05388621,0.007882178,0.03371976,0.037024852,0.032905206,0.05706612,0.037248503,0.25945765,0.006219607,0.005691597,0.032824356,0.31791458,0.02952214,0.0061436123,0.017523214,0.03917947
경포해변,0.4061181,0.09215741,0.09232559,0.06153324,0.044907488,0.061071202,0.18548724,0.034343146,0.028375259,0.011860793,0.015770093,0.015980296,0.03366259,0.026910258,0.011956207,0.003946255,0.039152194,0.0074813594,0.012285719,0.068700746,0.087322526,0.036176834,0.10640302,0.008056837,0.0084590195,0.0054758512,0.07202638,0.007777776,0.02063492,0.1446188
광교호수공원,0.11779569,0.097956136,0.06940207,0.034733582,0.021790717,0.102164574,0.21644548,0.038399246,0.033829574,0.017746266,0.007376821,0.010436838,0.055071056,0.05175484,0.02515361,0.008419218,0.07753996,0.0070690527,0.020380035,0.055632643,0.042685654,0.019863177,0.3687154,0.008420412,0.006144972,0.003925031,0.03126597,0.02486014,0.010615951,0.36527416
광명동굴,0.023138465,0.11179918,0.055012304,0.029212484,0.14573582,0.047881726,0.21357717,0.28340977,0.10202433,0.053167302,0.025219895,0.010455864,0.01312176,0.029811384,0.03128033,0.012435125,0.104030915,0.056113806,0.039809674,0.10770119,0.05545604,0.089767374,0.049555775,0.05419217,0.08550104,0.01131226,0.34494048,0.013121769,0.08837606,0.05929009
광안리해수욕장,0.35134038,0.14383443,0.0914491,0.08782262,0.046466377,0.25419167,0.27717716,0.041791394,0.03369597,0.027869267,0.017685939,0.006028716,0.10474196,0.06254677,0.006169292,0.004403553,0.041989546,0.009126732,0.0143617885,0.1396135,0.029024497,0.042262528,0.10903905,0.009810203,0.03188562,0.0076112547,0.043644276,0.009280752,0.025168777,0.12894547
광한루원,0.09289852,0.16041271,0.050035734,0.07493805,0.09399363,0.098052144,0.15792127,0.07249986,0.067881554,0.023075407,0.013429596,0.016549354,0.01396978,0.04396915,0.028621815,0.0063589094,0.042796154,0.033507604,0.012100347,0.0987871,0.06274217,0.037701882,0.21270967,0.022747865,0.030317666,0.0042456468,0.033024617,0.009129281,0.13914154,0.24379075
국립수목원,0.05544536,0.055125337,0.16508439,0.044256352,0.045860037,0.006788527,0.3547994,0.089549646,0.074383855,0.00909945,0.032698557,0.008036406,0.018342508,0.030342696,0.026403109,0.011111496,0.17455508,0.031441644,0.05924531,0.052995402,0.06269904,0.22272517,0.33931324,0.009422037,0.030157387,0.00624428,0.047014948,0.005942161,0.04963852,0.34617063
국립중앙과학관,0.005760963,0.008413839,0.016276192,0.0026250372,0.20931108,0.0051489933,0.031283997,0.30145884,0.026740622,0.010374513,0.0021538679,0.0042599053,0.016471509,0.02713076,0.04978421,0.0044418867,0.14478822,0.028974934,0.031163782,0.023761148,0.008545862,0.07935312,0.011195155,0.00505353,0.09201228,0.0045478595,0.03442877,0.002540219,0.076605275,0.0169277
국립중앙박물관,0.061054498,0.08518599,0.09161763,0.056601483,0.08785693,0.024420008,0.12750308,0.12250739,0.040609196,0.016127003,0.014595029,0.014745588,0.022118973,0.026376644,0.020833977,0.014056217,0.062786534,0.025629703,0.08331949,0.20608371,0.04119173,0.10965046,0.05322096,0.20202756,0.5518773,0.006708169,0.034335855,0.013472024,0.13620344,0.094875865
국립현대미술관 서울,0.032041624,0.052228216,0.10351854,0.022316612,0.07660855,0.008211781,0.05732155,0.043631066,0.013286161,0.015278123,0.020677304,0.006187621,0.00847292,0.019581107,0.03634561,0.005111593,0.05412434,0.027417967,0.03929825,0.060298562,0.013787822,0.09085285,0.021997195,0.04279053,0.7462735,0.004145076,0.033526644,0.0059928736,0.09267317,0.048900805
김유정 레일바이크,0.20729777,0.06983565,0.028458467,0.032254294,0.21258767,0.015972968,0.15677598,0.09962914,0.073940136,0.020266717,0.016468897,0.011681832,0.009131756,0.06383342,0.02564082,0.0050139655,0.017294852,0.03181456,0.0073859678,0.13200894,0.030774733,0.15362953,0.009240539,0.008547101,0.0075305826,0.01168886,0.092812985,0.009044278,0.007426782,0.02636173
낙산공원,0.2538472,0.1177124,0.054062013,0.06237878,0.024346001,0.23656105,0.1996882,0.013043728,0.010185358,0.058803964,0.015816199,0.017394518,0.031439885,0.05704589,0.008006851,0.004234686,0.021033974,0.012210025,0.010151461,0.09699063,0.010713633,0.03515812,0.24831794,0.019715868,0.015490118,0.0047835545,0.047581784,0.03815116,0.0090013845,0.2125359
낙산사,0.28263763,0.04349141,0.14248951,0.06058053,0.021570964,0.0032645494,0.11639456,0.041236665,0.034281142,0.0033021048,0.006489483,0.0031272322,0.010095887,0.062497254,0.013542695,0.0036902677,0.20455214,0.024936799,0.022562431,0.04569343,0.029110067,0.019571152,0.083590254,0.017487414,0.019063786,0.0029706282,0.06881699,0.008186524,0.0967048,0.10279404
남부시장,0.0034205893,0.0030125051,0.0034809595,0.0011448978,0.0042856634,0.00093670475,0.0028360935,0.004010805,0.0026573346,0.00072353653,0.000766825,0.00051358034,0.013083831,0.0013550982,0.06549794,0.003118541,0.2709248,0.043724094,0.0069222627,0.027462984,0.018121222,0.009289887,0.004011814,0.00072833145,0.0013067124,0.0011437451,0.0011025568,0.0008149399,0.010827882,0.0063926145
남이섬,0.11264597,0.1539448,0.15829284,0.043325305,0.0894388,0.018467836,0.3258416,0.18313365,0.14336,0.031838395,0.032470956,0.010474004,0.069935575,0.05058776,0.036384463,0.009320361,0.07761075,0.03093507,0.046101805,0.09960126,0.07653543,0.09875621,0.1977973,0.007289795,0.016963169,0.010343322,0.051239755,0.069359384,0.055752493,0.21343355
남해독일마을,0.2873371,0.12675601,0.06426458,0.07255452,0.06562659,0.011539611,0.08124685,0.05817878,0.046524007,0.015707856,0.015168616,0.0076069864,0.104975216,0.09196626,0.016480839,0.0100501245,0.06372651,0.032640226,0.016850283,0.027802076,0.02154006,0.035675384,0.11277074,0.015920242,0.045673937,0.0040426385,0.02056879,0.008500744,0.0094034765,0.12829205
농협경제지주 안성팜랜드,0.05938708,0.16186064,0.04956556,0.017297318,0.4211895,0.0060629086,0.25411448,0.6046651,0.15117367,0.020988015,0.027689243,0.022648705,0.06767474,0.11026886,0.027703632,0.009331203,0.035247914,0.051588804,0.08723832,0.039343353,0.0515368,0.0871975,0.04917223,0.006513904,0.0128637515,0.21527424,0.051839627,0.026516933,0.04832269,0.069530345
다누리아쿠아리움,0.036370188,0.06475036,0.030646348,0.01639332,0.16140716,0.006667103,0.03420864,0.32967177,0.068692565,0.013358361,0.0068723583,0.018899541,0.013117255,0.012717402,0.14494503,0.010705359,0.104878284,0.036196835,0.14589894,0.05153229,0.14415638,0.045278862,0.011069321,0.0054968386,0.0924695,0.0071747955,0.034131877,0.0072379294,0.10549794,0.014687277
다대포해수욕장,0.27874547,0.087106936,0.057849824,0.07704208,0.032855827,0.028270597,0.15100886,0.056086913,0.03178512,0.018902294,0.017295416,0.0075014895,0.065203965,0.01235769,0.01409134,0.010441244,0.06778454,0.026192352,0.014235419,0.0735209,0.033495203,0.033367347,0.2641089,0.0056252866,0.0054559642,0.0037593038,0.03406565,0.017429823,0.0072624,0.19866562
대관령 삼양라운드힐,0.3548399,0.107959785,0.08318961,0.03212547,0.12724504,0.0039964775,0.25020257,0.20393445,0.057217803,0.007959904,0.0105144195,0.006471352,0.024040172,0.024012875,0.024229137,0.007486632,0.022724314,0.040488552,0.035055544,0.1576892,0.02105562,0.09444505,0.05033243,0.0053918283,0.022882842,0.005207117,0.092080094,0.009528954,0.024936533,0.052156515
대관령양떼목장,0.22312948,0.12119433,0.13520774,0.038100105,0.23035476,0.008520249,0.27756137,0.16381778,0.061952814,0.023473172,0.024446998,0.015463443,0.015473319,0.015458869,0.014501809,0.009325108,0.027895795,0.02803466,0.020063573,0.03323601,0.05779365,0.09796153,0.12930095,0.0045202416,0.0068433867,0.005943299,0.12177522,0.01904098,0.061018273,0.13373566
대왕암공원,0.16958398,0.06695036,0.067059815,0.0448411,0.03962625,0.01303076,0.11671821,0.033948716,0.035475902,0.014398536,0.011872535,0.0026495026,0.015123633,0.013876612,0.007364915,0.0051515982,0.08325005,0.017542971,0.007930666,0.029062001,0.03772573,0.019864587,0.2259417,0.009865732,0.009929595,0.0026938845,0.038200516,0.018077165,0.03105695,0.2075429
대전오월드,0.009067146,0.040240265,0.029398847,0.004285051,0.17907804,0.026958628,0.17375833,0.44713637,0.071383014,0.01926272,0.022827324,0.017461227,0.040732615,0.017761005,0.049936805,0.00814015,0.037129164,0.06506669,0.040591177,0.0878368,0.09183476,0.20263119,0.018627927,0.0040309057,0.019193547,0.29545438,0.02066333,0.006392968,0.013509157,0.0394805
대천해수욕장,0.38294062,0.058994863,0.06334945,0.055937875,0.079965815,0.06084278,0.21054344,0.076451026,0.05824807,0.020999378,0.01368614,0.010283379,0.07281028,0.044407018,0.011121974,0.004042618,0.034268945,0.022279257,0.021800019,0.08576486,0.077593304,0.04958005,0.06799644,0.010388289,0.00615915,0.012516079,0.07418731,0.015609948,0.014537946,0.12713125
대포주상절리,0.232358,0.0854456,0.019962069,0.066508934,0.02000194,0.004067526,0.052596692,0.026073398,0.018440349,0.0017546028,0.0052947197,0.009799962,0.0063177873,0.0042890017,0.017784579,0.0038516456,0.092106886,0.01018368,0.015640885,0.027262114,0.030770557,0.013431279,0.0868725,0.003860858,0.026630595,0.0019752313,0.012614651,0.0017548283,0.11926034,0.08549164
대한다원보성녹차밭,0.2422799,0.17911826,0.15088472,0.0721607,0.016379844,0.008270796,0.12549289,0.1453066,0.050469436,0.024083903,0.007762563,0.0030338939,0.019182011,0.015612878,0.024558993,0.0032008903,0.027139068,0.009717217,0.013523821,0.015197399,0.03473075,0.026330339,0.1423418,0.0023866044,0.008640074,0.002846079,0.051189218,0.012584932,0.045568664,0.16070558
더그림,0.16422133,0.6176645,0.2039927,0.13516863,0.045999795,0.009128798,0.27754202,0.108000286,0.2522776,0.08586488,0.06889617,0.016193468,0.03615698,0.20571302,0.041064244,0.017749375,0.053242944,0.0581512,0.034401298,0.04323343,0.13419616,0.04273161,0.121401094,0.008570367,0.012162261,0.007440365,0.08765454,0.037107162,0.094226144,0.15797026
덕수궁,0.08561887,0.119967975,0.10100292,0.12477082,0.054180175,0.12031771,0.30038023,0.057020023,0.04290293,0.027734011,0.01389581,0.020975616,0.014650608,0.026721476,0.013638466,0.008714623,0.015943373,0.022859763,0.030714232,0.16468272,0.030706279,0.082072966,0.23706408,0.15241244,0.22144817,0.005153472,0.031181302,0.00827823,0.11124146,0.25078806
도담삼봉,0.236183,0.13784069,0.05250751,0.11210962,0.042970583,0.014584596,0.1382372,0.026947107,0.022736061,0.0029328032,0.0021100598,0.0026194765,0.027562844,0.02401522,0.021017753,0.0058486504,0.15506388,0.012120998,0.0028498399,0.039367467,0.014452352,0.032796293,0.045724373,0.01704851,0.009417015,0.005367216,0.041607592,0.0049786638,0.04547157,0.061250098
도산서원,0.1732604,0.057004478,0.054061282,0.06972149,0.041696712,0.014842208,0.13120659,0.038512345,0.021934677,0.0041673724,0.0036560576,0.0023300392,0.0030218223,0.0032587345,0.005409574,0.0034517022,0.08050839,0.035289947,0.018647801,0.045452457,0.059551973,0.012790585,0.08173013,0.0653699,0.03628109,0.002182339,0.027155984,0.004476029,0.048394267,0.11015755
독립기념관,0.0216959,0.032080386,0.046280615,0.021112476,0.061629187,0.013126397,0.14367798,0.15964168,0.031287115,0.004912866,0.0024863356,0.002669129,0.014380693,0.011425436,0.026690627,0.013384653,0.14481665,0.005936857,0.042166878,0.10370136,0.033262756,0.030966127,0.07053103,0.083590284,0.19096965,0.0035490065,0.013516318,0.0032953029,0.05321378,0.06948838
동궁과 월지,0.17009112,0.26270214,0.07561442,0.1277119,0.028268395,0.58057636,0.14239933,0.062876515,0.070385575,0.028231408,0.015582838,0.012580679,0.03117949,0.012071945,0.028833408,0.010177631,0.16726226,0.01434142,0.017243102,0.08540774,0.03505209,0.13061903,0.15775102,0.03497244,0.039470978,0.006580685,0.024528954,0.009468949,0.064326204,0.16412008
동문시장,0.007824166,0.009750795,0.0053557027,0.007962784,0.012338488,0.004327987,0.007970029,0.03095218,0.010817904,0.0018072578,0.00959594,0.0046358225,0.16571245,0.0051605077,0.03141146,0.019227164,0.0128377415,0.10808974,0.0016570865,0.037750658,0.07142754,0.015321454,0.0023319628,0.0042787055,0.0015185819,0.0027586466,0.030795962,0.0048563955,0.0016611841,0.0028711671
두물머리,0.20642549,0.09905928,0.11102336,0.077317804,0.0329403,0.010648992,0.26518497,0.056065373,0.022822632,0.021211013,0.013459824,0.00853807,0.049928617,0.1279637,0.016958745,0.0070120064,0.10886986,0.026030026,0.0056859837,0.05971249,0.01301697,0.044669114,0.26512143,0.0061626164,0.0157481,0.003792428,0.060379114,0.019877063,0.045863707,0.28664526
레고랜드 코리아,0.022087561,0.08327892,0.036458943,0.019638633,0.20064467,0.022933213,0.15540554,0.46295628,0.05178145,0.009878553,0.012761912,0.014874951,0.110547006,0.027753085,0.043594316,0.017086053,0.10889121,0.079088524,0.03283889,0.06079118,0.042959213,0.22221467,0.017023416,0.008948786,0.020558782,0.21640679,0.046128023,0.015729714,0.037826195,0.02980201
롯데월드 아쿠아리움,0.06545219,0.101368636,0.045069408,0.0053295973,0.18264548,0.008507409,0.028211264,0.3679039,0.081794195,0.05313297,0.052609313,0.009286907,0.014190367,0.0131435385,0.03991476,0.0055104503,0.025971467,0.030820966,0.1052554,0.031204212,0.0762442,0.06280362,0.0043957834,0.0026248766,0.051814873,0.0049749124,0.02863028,0.003921501,0.009988827,0.015020713
롯데월드 어드벤처,0.0154051,0.061486628,0.033059195,0.016957426,0.18855901,0.018014118,0.065097176,0.2701529,0.018597895,0.009809121,0.066461824,0.014070608,0.04034822,0.018246366,0.0425346,0.008148211,0.033744648,0.04437786,0.0105910525,0.049010392,0.015137767,0.19112246,0.006143871,0.00297428,0.012765665,0.15428929,0.073921435,0.0039107827,0.00636237,0.025210463
롯데월드 어드벤처 부산,0.016162248,0.08062195,0.0376605,0.01212973,0.17426284,0.021498682,0.09906915,0.3295054,0.032400303,0.01933965,0.039587907,0.0129828,0.036895834,0.023830729,0.04311371,0.01031829,0.05905455,0.08352501,0.05352739,0.02728374,0.042980913,0.23726717,0.014705997,0.0034299714,0.011455657,0.2729248,0.023983685,0.009915055,0.012344242,0.026246728
만천하스카이워크,0.40496144,0.074467674,0.03687397,0.039166696,0.07931883,0.010159564,0.10739076,0.061420303,0.046531074,0.0035391648,0.0074619395,0.016668139,0.008738588,0.013971,0.03320019,0.0043554506,0.10569692,0.06124069,0.00575717,0.21879461,0.019189902,0.10349393,0.026171217,0.005981427,0.008103509,0.036703475,0.058958292,0.0059423265,0.053886704,0.029479286
망원시장,0.0013058058,0.0051416745,0.005608111,0.0008742095,0.01654467,0.0053550024,0.0028636544,0.015958853,0.0005730553,0.0007088204,0.0053613195,0.005047796,0.03376716,0.005499447,0.06717806,0.0011192898,0.019726511,0.071787685,0.00066220644,0.0053400593,0.0054097297,0.006348514,0.00094665925,0.0004955929,0.0007130523,0.0008643303,0.00056105474,0.0006029833,0.0007694302,0.001455598
매미성,0.355173,0.24911062,0.04608843,0.082421236,0.04969004,0.019877633,0.08072695,0.041508548,0.03763749,0.016877202,0.0051295375,0.04275284,0.067100406,0.16356239,0.01317889,0.010280183,0.08587493,0.03229067,0.038349204,0.058470283,0.029676888,0.028723426,0.035121825,0.0043828986,0.016666122,0.0037049379,0.021014415,0.009787055,0.058800288,0.05040725
메타세쿼이아가로수길,0.059730686,0.116803095,0.11077816,0.045818303,0.039720777,0.013879525,0.19080064,0.074278384,0.042162713,0.021309823,0.010706412,0.0061140773,0.025856161,0.0230568,0.009220455,0.0037031788,0.022359444,0.009156243,0.00576141,0.02587719,0.03901683,0.04249795,0.28400454,0.003966052,0.028121497,0.003837876,0.042906612,0.0137934955,0.099086046,0.24338412
메타프로방스,0.015143962,0.024640916,0.0054525984,0.010803176,0.009700398,0.0045129913,0.0111640105,0.012646142,0.008574672,0.008565095,0.004398609,0.00095783715,0.044099256,0.04299214,0.012815634,0.0028459833,0.0066240197,0.025020134,0.00091560755,0.021158276,0.008633148,0.033728268,0.015589208,0.0007804846,0.0029996359,0.0012807677,0.010626081,0.0010132855,0.0011699148,0.016188577
목포근대역사관 1관,0.009664857,0.04375397,0.028378408,0.014302923,0.03418133,0.0051671662,0.014302765,0.055285066,0.008059469,0.005450704,0.0050772405,0.004990906,0.0028678756,0.0057504484,0.00810978,0.0029516178,0.032347053,0.02191838,0.0053634983,0.23495784,0.008469329,0.004392937,0.006195638,0.23092812,0.10449067,0.0015992194,0.01482122,0.0021331445,0.03860278,0.00964033
목포해상케이블카 북항승강장,0.43836662,0.0663657,0.057688773,0.04900227,0.09656021,0.078244165,0.17962688,0.06312241,0.12737468,0.013471749,0.018154074,0.02091751,0.019862257,0.036516532,0.03025649,0.010456338,0.03441807,0.045520898,0.013966686,0.038900193,0.016796796,0.23799591,0.14100818,0.0056957067,0.008447488,0.009586886,0.10284742,0.012031332,0.014084276,0.13623095
문경 에코월드,0.04571476,0.05556651,0.031922046,0.013073798,0.23247741,0.010738755,0.12341745,0.5469927,0.100324035,0.022551553,0.008217358,0.0136304395,0.038761847,0.030757282,0.081388906,0.010953862,0.024137389,0.081102684,0.041345935,0.049634762,0.05554575,0.083324574,0.028598916,0.015868228,0.030102205,0.06881808,0.11425687,0.009366372,0.08743729,0.049777217
문경새재도립공원,0.11397551,0.06560185,0.102697566,0.037289176,0.041361906,0.008035279,0.22467685,0.056147568,0.047694955,0.017885149,0.011162448,0.013498402,0.033481292,0.016100205,0.027325582,0.010367945,0.14869748,0.02589499,0.026895268,0.07230111,0.040452603,0.03100628,0.30545062,0.022004556,0.012541845,0.009952212,0.043652195,0.009079451,0.045986135,0.22050427
문화역서울284,0.018951029,0.050895985,0.06663269,0.04260296,0.21445474,0.01778228,0.018857097,0.12003315,0.028628971,0.0136724785,0.011378145,0.0235007,0.014488725,0.040856697,0.0070702964,0.00677139,0.0045506987,0.09298245,0.019827576,0.31237614,0.016865447,0.107059985,0.0113771325,0.22813667,0.34113887,0.005735492,0.029166656,0.0056996825,0.095151834,0.05214456
뮤지엄산,0.1551208,0.09044557,0.20925803,0.08352825,0.1339878,0.02052841,0.23253,0.06959722,0.05663961,0.022695497,0.026870446,0.020558408,0.01825189,0.1221912,0.030287221,0.0065373834,0.047013134,0.048512105,0.038366865,0.050679203,0.031675678,0.079635955,0.066110425,0.029418739,0.4116508,0.0052119764,0.033839494,0.005417693,0.06066343,0.12886357
바람의언덕,0.3640506,0.14658853,0.06571701,0.038779203,0.017614782,0.006599841,0.10195967,0.029173547,0.027411556,0.014175278,0.012802034,0.009233806,0.01861223,0.055452,0.0074190022,0.0061169416,0.11241343,0.026917752,0.0060531064,0.04643126,0.017756859,0.029863205,0.07833728,0.003153976,0.0072182138,0.0024552175,0.11915638,0.012367058,0.031148765,0.08517938
발왕산 기 스카이워크,0.42284116,0.1331446,0.053823814,0.04941606,0.039450455,0.009414079,0.29704374,0.03244149,0.09335483,0.0074199345,0.01092761,0.0044156476,0.017774535,0.033281043,0.03259676,0.002413172,0.022986917,0.009585038,0.006645852,0.013934539,0.009028402,0.09691146,0.16246954,0.0020915088,0.002813509,0.004981778,0.12190878,0.002294408,0.013975741,0.14992851
법주사,0.063868195,0.050364967,0.07282837,0.03256874,0.017186522,0.0024292748,0.14561006,0.030552128,0.022712782,0.006258848,0.009324406,0.01179264,0.0069662784,0.012542441,0.011658307,0.0040698117,0.094831094,0.027088515,0.013818388,0.03307055,0.02109076,0.018424345,0.11765802,0.066432945,0.011759352,0.0021786476,0.016913068,0.006339709,0.07360117,0.11159835
벽초지수목원,0.06123726,0.24500458,0.08850435,0.051456947,0.034285203,0.0059229187,0.3978832,0.07041866,0.083501086,0.027822746,0.017778825,0.012614949,0.015410751,0.029238664,0.019523265,0.010040033,0.055058926,0.021281632,0.057028826,0.02895297,0.08177189,0.047026888,0.2281408,0.008023736,0.023044934,0.0041408422,0.030075362,0.006272361,0.13729636,0.23048879
별마로천문대,0.19413741,0.03292779,0.01962709,0.02374532,0.048967026,0.062574774,0.046158865,0.06719699,0.01711639,0.008379002,0.0036656603,0.0019913528,0.02782526,0.16037375,0.015644837,0.0027534375,0.00773938,0.0542054,0.0036890677,0.03342615,0.00842954,0.052443523,0.0032817863,0.0019712353,0.01859282,0.0020392872,0.019096496,0.0017723201,0.004176086,0.014015641
봉은사,0.024583824,0.037991248,0.13183601,0.057566848,0.010749012,0.025441816,0.08732136,0.013973357,0.020936087,0.003884357,0.007453413,0.0032440799,0.004262648,0.02309857,0.015900003,0.0016510927,0.0601105,0.020379318,0.013914448,0.05996918,0.008309035,0.013507275,0.08540454,0.0067216,0.0048390212,0.0011950862,0.0059315963,0.0015057945,0.009197129,0.0969574
부산시민공원,0.029398682,0.044468313,0.06247974,0.008339532,0.026501685,0.036267955,0.13553746,0.081003435,0.046202626,0.02854986,0.012605329,0.0064465906,0.0063494206,0.032245953,0.01959619,0.0044940542,0.14025,0.023708625,0.024695123,0.033952333,0.03753717,0.02300213,0.2920759,0.01899181,0.022058466,0.0030632075,0.013540038,0.031107198,0.007891018,0.30159786
부산엑스더스카이,0.48486248,0.12807573,0.02276535,0.05890197,0.08461297,0.19153225,0.09998982,0.117422566,0.11979085,0.029821113,0.016475232,0.017989174,0.047138523,0.06276957,0.047465753,0.0053960327,0.0448398,0.051912405,0.00868586,0.036442347,0.031944945,0.09451624,0.007977957,0.006179389,0.049656093,0.008380714,0.045017943,0.0099173235,0.06093207,0.016781233
부산타워,0.2640444,0.102136135,0.009823462,0.058548484,0.10633737,0.2464535,0.07673942,0.15683481,0.07053036,0.01467222,0.02105496,0.009485124,0.012107354,0.020609321,0.024457179,0.0026297003,0.018886983,0.051192418,0.0053299656,0.047609992,0.009651818,0.04392294,0.038390614,0.0056348895,0.04316091,0.0035482717,0.028250651,0.004996492,0.01893099,0.055750046
부소산성,0.055132173,0.021127677,0.05826672,0.014732107,0.015026125,0.0022764106,0.103612594,0.033472575,0.030677434,0.0026454984,0.0017051321,0.0020601626,0.0074052033,0.0028274101,0.016803851,0.0037363826,0.030691408,0.016711961,0.007208304,0.0655501,0.03765622,0.009622994,0.23961066,0.092568375,0.023467321,0.0021508376,0.046322722,0.0026436632,0.075376004,0.22469604
북촌 한옥마을,0.10436729,0.13138312,0.054623265,0.06495224,0.059401922,0.010886815,0.09564237,0.034519184,0.0066478723,0.017761817,0.021340132,0.010571727,0.055674847,0.03772107,0.006797549,0.003776781,0.011111143,0.031953122,0.0066970405,0.071668394,0.035311703,0.0288878,0.07452213,0.037549686,0.032402862,0.0023147152,0.011429861,0.0064138835,0.01524336,0.122710936
불국사,0.06992944,0.0816295,0.105431296,0.06582395,0.028227435,0.003286222,0.25620684,0.051629238,0.048885714,0.007064354,0.011875127,0.00436344,0.011498689,0.01696761,0.017494775,0.007417021,0.15191321,0.023939209,0.01297663,0.09326338,0.02532409,0.029626759,0.060849566,0.08584241,0.02880322,0.0022419398,0.020445818,0.0042908792,0.050986014,0.06782242
비봉공룡공원,0.012838429,0.01695281,0.0059461016,0.005418959,0.29119292,0.0034705745,0.018508019,0.6076071,0.033606797,0.0016498761,0.0033489747,0.0033406878,0.006406489,0.015775468,0.025626676,0.00553054,0.027568912,0.028009465,0.01392074,0.02683852,0.02161653,0.028922202,0.0024901668,0.0037877897,0.05984289,0.002728145,0.031142147,0.0015440698,0.016124241,0.00494009
비자림,0.035028815,0.05795924,0.19206019,0.052657392,0.022511095,0.002954673,0.10072637,0.0519913,0.05914591,0.011543303,0.014444846,0.016139686,0.008304998,0.009968462,0.007664362,0.005524571,0.042410813,0.01583414,0.012797731,0.049866207,0.039722618,0.01645899,0.476129,0.009376153,0.007999844,0.0025932705,0.040107798,0.007509446,0.04598604,0.3970964
뽀로로앤타요테마파크 월미도점,0.012561585,0.018025406,0.016129557,0.01277473,0.34943733,0.0065540643,0.046009865,0.5692726,0.027333656,0.0030984364,0.017823532,0.009487178,0.03825748,0.020504579,0.023115631,0.005757286,0.02389274,0.05575589,0.060106933,0.028377833,0.041565444,0.07920447,0.004515481,0.0024901393,0.023885725,0.11307024,0.025419997,0.0037940822,0.018742407,0.013789122
쁘띠프랑스,0.054816037,0.33813897,0.050147135,0.031841636,0.18717945,0.0075877844,0.11973232,0.36929438,0.12283937,0.039999273,0.034251474,0.01160994,0.017973207,0.02298555,0.014417356,0.006015516,0.01761779,0.03869983,0.03406855,0.027354432,0.035394575,0.04772078,0.041525576,0.011798916,0.09321874,0.004569752,0.0462015,0.005692604,0.028578743,0.055932265
사천바다케이블카,0.5464401,0.07649815,0.04610148,0.033933744,0.09345703,0.013940219,0.15330951,0.08895484,0.15286957,0.011744394,0.0072528287,0.013924611,0.012382642,0.020179424,0.02445929,0.0032807714,0.010976663,0.056643274,0.009261272,0.03668196,0.029479653,0.12882477,0.033387367,0.0069334647,0.039681092,0.008536727,0.065274306,0.005121807,0.01959347,0.04268465
산굼부리,0.30534273,0.16833492,0.064604744,0.065869965,0.023992311,0.0036428284,0.30298492,0.056896936,0.053562965,0.010762063,0.012670816,0.015261345,0.007929638,0.014002982,0.034967978,0.009090212,0.035711486,0.010057146,0.025379919,0.032434165,0.061870664,0.044376682,0.17332724,0.009243739,0.010040838,0.0033647146,0.020650836,0.0048225177,0.098520376,0.15986948
산방산 탄산온천,0.09072196,0.045115776,0.0617125,0.026647292,0.055136107,0.031795613,0.05185972,0.09347128,0.11304239,0.005511261,0.01633726,0.013425013,0.02010908,0.0131371645,0.03907106,0.0046397657,0.035409164,0.063939534,0.071307525,0.05641902,0.12760505,0.09717731,0.021928413,0.0045214705,0.0035517206,0.0045028725,0.16774262,0.0035393115,0.012954396,0.044450667
삼척해양레일바이크 궁촌정거장,0.27762797,0.038437344,0.039805505,0.016457738,0.1505576,0.01796085,0.068686046,0.079904266,0.05319067,0.008374634,0.0058406685,0.0062248553,0.0125683565,0.004729518,0.016005682,0.0018772921,0.0052258647,0.052011568,0.003848878,0.04198224,0.020977948,0.07829372,0.0043266704,0.0017894618,0.0021359085,0.0051577766,0.08387172,0.005236695,0.007156355,0.00741383
삽교호놀이동산,0.045163255,0.056292947,0.013043947,0.0206461,0.12713607,0.055129625,0.016460558,0.18302538,0.024862314,0.017759353,0.012125092,0.0054438864,0.026572796,0.0059341667,0.035865985,0.0040808124,0.018566592,0.029307583,0.01724312,0.036238506,0.01331751,0.039931692,0.011972394,0.002730549,0.11340062,0.13022295,0.012847559,0.0074328985,0.013735058,0.01598162
상동호수공원,0.039735917,0.03903934,0.03557053,0.0214,0.018431287,0.020837937,0.075412445,0.060496017,0.017309986,0.002815983,0.008414854,0.0015504754,0.0035405927,0.02165667,0.011613294,0.0049859234,0.08657779,0.014968154,0.011011974,0.022217097,0.027991304,0.018798564,0.17169324,0.0049563255,0.0024184838,0.0020599258,0.024281628,0.019308934,0.0023362637,0.1696899
서귀포매일올레시장,0.0034494072,0.009315927,0.003534383,0.004917991,0.012860905,0.00091392844,0.004598908,0.015018114,0.008655488,0.00075660215,0.00063203287,0.0024245884,0.068546556,0.0037436492,0.030598812,0.005582588,0.1484712,0.02489726,0.0048151035,0.007148617,0.010843203,0.015222127,0.0036517389,0.0005217589,0.0012750139,0.0011385081,0.001124524,0.0007797461,0.010778563,0.0055174786
서대문형무소역사관,0.012111611,0.017506639,0.105946496,0.0071553974,0.045621626,0.0025410822,0.03819443,0.23715164,0.012558739,0.0044849296,0.0036966985,0.002178609,0.0032226795,0.0029558768,0.004390342,0.0033687328,0.015748851,0.013025703,0.012761424,0.2540199,0.01301921,0.018565007,0.0051946454,0.23762713,0.100873284,0.0020593358,0.010630407,0.002462759,0.02021032,0.01435348
서울대공원,0.038048793,0.048378833,0.05201456,0.0142562445,0.08420646,0.0038365966,0.28378254,0.26216674,0.077934325,0.026138674,0.03599212,0.015128083,0.020884505,0.02337037,0.05085928,0.0070339884,0.056918554,0.035592716,0.08910383,0.030174566,0.072747074,0.09433758,0.07563513,0.0033812674,0.032095455,0.0066662505,0.05155407,0.007898254,0.03145042,0.091774866
서울랜드,0.022836614,0.048776384,0.02432118,0.03298264,0.21533586,0.039227214,0.20488821,0.33831987,0.05968735,0.013578863,0.028852217,0.014181866,0.06484344,0.034013797,0.09005889,0.011513541,0.08953456,0.059320096,0.031900797,0.05171131,0.034740165,0.16446947,0.01817296,0.008759593,0.007870558,0.22989,0.041855805,0.014101421,0.038155902,0.038161643
서울숲,0.19190471,0.19568378,0.20434701,0.07549941,0.05508051,0.05309845,0.489959,0.065573625,0.07740635,0.047399633,0.04120809,0.016301094,0.05341628,0.046656925,0.0058492394,0.006834789,0.034499947,0.008744921,0.06740241,0.11098545,0.029277112,0.06561713,0.32546732,0.017067034,0.024009861,0.00568021,0.05513077,0.022323443,0.019420404,0.42508188
서울스카이,0.35392603,0.15269543,0.046235785,0.05291955,0.09212842,0.19815268,0.16841242,0.14326544,0.1400905,0.031812597,0.020159619,0.014972984,0.04193727,0.052382447,0.06270375,0.008523372,0.021599928,0.041505724,0.004964768,0.04517727,0.029276375,0.15259553,0.01154135,0.0066651586,0.04123171,0.005677837,0.027202815,0.004585358,0.029150765,0.019266432
서울식물원,0.015729653,0.12625849,0.083493166,0.0295672,0.038528748,0.0048222765,0.28827798,0.06883484,0.10291305,0.056907903,0.01499967,0.015025188,0.016910456,0.053977128,0.02948217,0.008410292,0.13047308,0.01488161,0.04957443,0.06844693,0.06688765,0.047543716,0.1930456,0.0086459555,0.06531498,0.0050449185,0.14984511,0.011959582,0.07111589,0.19394642
서울어린이대공원,0.016606715,0.017943677,0.028180996,0.008249815,0.21103126,0.0060809357,0.12801775,0.41059524,0.037266176,0.014577204,0.07102842,0.019829743,0.03160618,0.017903125,0.063491985,0.008264499,0.050706167,0.04274924,0.025246914,0.054521356,0.030912263,0.20438457,0.04651824,0.0042903605,0.0149790505,0.2747139,0.028448133,0.010536407,0.053501144,0.065666914
서피비치,0.17637187,0.055550583,0.031713787,0.12120296,0.22491117,0.020847995,0.10377531,0.06445823,0.03186456,0.008367854,0.037370257,0.021827346,0.030422457,0.04779452,0.01407479,0.009286186,0.01597605,0.29377884,0.014410857,0.03295955,0.03441292,0.039086472,0.00729716,0.0031456028,0.003817135,0.007385074,0.026988292,0.015889348,0.013451052,0.025730595
서해랑 제부도해상케이블카,0.28589654,0.12804522,0.06476752,0.031478457,0.11502348,0.014712079,0.1375406,0.20875064,0.1882066,0.0325438,0.010755506,0.012056482,0.018082485,0.042899583,0.060295936,0.009716748,0.032814223,0.058128063,0.03687974,0.11930732,0.059633523,0.10850844,0.032334853,0.007414386,0.009325947,0.01685092,0.09710794,0.019561486,0.07368504,0.045363292
석굴암,0.07791314,0.14679584,0.069524914,0.05903327,0.033042327,0.009710921,0.09509845,0.071161196,0.033042114,0.005709133,0.0044317795,0.0028900835,0.010273621,0.018950535,0.014584616,0.0050721276,0.14347519,0.021026965,0.015792077,0.08026101,0.02510338,0.051248357,0.10112625,0.11615137,0.045224585,0.002934914,0.023370894,0.0049436656,0.05236992,0.10631323
석촌호수,0.16046436,0.1630589,0.08591147,0.0918313,0.034045886,0.17390406,0.50497735,0.033719208,0.023232846,0.04016149,0.016037012,0.009195597,0.043869823,0.023208646,0.0050848126,0.0047159763,0.007518841,0.004375915,0.015989775,0.11198064,0.018949203,0.07084909,0.36276993,0.017000377,0.027127689,0.025645323,0.04055456,0.018382289,0.019077204,0.35936382
석파정 서울미술관,0.080800235,0.09752573,0.09657178,0.079668194,0.04704702,0.010288931,0.2294213,0.03511609,0.0177697,0.012167813,0.015081872,0.017273925,0.00891189,0.0116301095,0.022844875,0.008234797,0.04263048,0.029267231,0.020497637,0.04373436,0.022146435,0.031653576,0.09295834,0.017198294,0.59035695,0.004389372,0.016477112,0.006420421,0.07159387,0.121557735
선유도공원,0.20746383,0.15078445,0.13826068,0.052282017,0.041094005,0.0507022,0.31604084,0.047908217,0.045902938,0.056508057,0.017723659,0.013437028,0.015592155,0.026037447,0.0041548484,0.004186496,0.022786515,0.0093817115,0.013140625,0.09248186,0.04953981,0.014152836,0.31832245,0.011196413,0.028297033,0.0040729907,0.019657383,0.039453875,0.013852036,0.35987896
설악케이블카,0.27484843,0.043196034,0.04060932,0.03772796,0.033988085,0.004221876,0.21268824,0.051117364,0.06568799,0.0021168739,0.007949224,0.0042987084,0.01271179,0.01701801,0.032158297,0.0059979293,0.07836256,0.028667698,0.003879689,0.03971995,0.010382249,0.14868897,0.017449824,0.0018105763,0.012579738,0.004744577,0.044543207,0.0017861056,0.013176943,0.024111865
섭지코지,0.3493946,0.12844528,0.060174588,0.057697564,0.029742546,0.009157329,0.11285399,0.02809744,0.0224421,0.004916998,0.004530609,0.0047737593,0.030335065,0.01814258,0.022046277,0.0054093003,0.12269913,0.013779996,0.008578758,0.03314421,0.025627512,0.0256712,0.26290262,0.0027143923,0.013660209,0.004612771,0.044611756,0.012050701,0.026332365,0.2371524
성산일출봉,0.3538534,0.07073492,0.044914868,0.07081084,0.029878171,0.017020417,0.110360794,0.043093108,0.03547709,0.004553653,0.011653679,0.0088856155,0.023118448,0.0048623336,0.006400952,0.0067087496,0.03670335,0.0049137766,0.004268704,0.048905015,0.025200065,0.018785488,0.063970275,0.023680378,0.0039389413,0.0024509197,0.03147156,0.0022593995,0.13758625,0.06478928
성심당 본점,0.013745942,0.046993874,0.03796892,0.016506212,0.050251022,0.03274987,0.04393966,0.034986284,0.022257067,0.005575127,0.020341454,0.019126453,0.12558001,0.67436534,0.18566708,0.030644067,0.07441632,0.099261135,0.015841195,0.15295395,0.012914205,0.4261262,0.012353378,0.026329257,0.01660827,0.008441933,0.017611248,0.005569121,0.020384178,0.026414948
세미원,0.061848577,0.16811864,0.09585263,0.04410286,0.059043564,0.008459078,0.511863,0.0756767,0.074319206,0.014477133,0.010866999,0.015127539,0.013661829,0.053973183,0.007841879,0.0042678136,0.045584656,0.025323587,0.026930071,0.037994623,0.038400404,0.03885575,0.26094007,0.019225636,0.022923,0.0036937927,0.046031155,0.005744768,0.06951561,0.2618655
소래포구종합어시장,0.0013799801,0.0010800443,0.0016034098,0.004959845,0.0021308826,0.0006472413,0.003865528,0.009718665,0.01932266,0.0006487462,0.0005667943,0.0043592523,0.009425833,0.0050831838,0.024802485,0.01185401,0.15262716,0.07710459,0.0047790487,0.0014807797,0.024278706,0.0015726844,0.0013501493,0.00065547705,0.0011734193,0.00088841264,0.0050399,0.00069815223,0.020111289,0.0022409705
소쇄원,0.07384404,0.03190937,0.07374103,0.040493928,0.0069152103,0.008743604,0.056617506,0.0076209027,0.020940002,0.003942767,0.0010121089,0.0012562652,0.0042815576,0.004592882,0.006727071,0.003807717,0.020704234,0.016421229,0.030130384,0.019089643,0.028821498,0.012533478,0.09242037,0.008700789,0.0070513315,0.0012860289,0.03381442,0.0032984947,0.05003311,0.14206931
속초해수욕장,0.407385,0.14427477,0.0968792,0.055555064,0.04210207,0.11273604,0.27118886,0.14802074,0.04334521,0.01707955,0.010375772,0.0059579993,0.055723436,0.030005377,0.032108426,0.011604135,0.10853036,0.01703151,0.016765453,0.101146005,0.0896386,0.041190464,0.12317624,0.006518811,0.107459456,0.011300422,0.08815517,0.020532789,0.015168066,0.16425115
송도 센트럴파크,0.078295946,0.052825734,0.043094102,0.029660387,0.009752901,0.07519795,0.10981184,0.024315668,0.01967522,0.013199202,0.0061501916,0.0070301457,0.031255316,0.043582767,0.01110681,0.005841189,0.04159548,0.0569708,0.012841263,0.04201621,0.043676782,0.008646586,0.21095096,0.007425264,0.011521188,0.0028487856,0.019196626,0.018800585,0.0096338065,0.21890303
송도해상케이블카,0.3671786,0.11421414,0.044853583,0.054365553,0.11303763,0.066868044,0.09582221,0.1054977,0.097954564,0.020146115,0.02367045,0.029882016,0.017257864,0.015535734,0.041361634,0.006141956,0.041355837,0.05219161,0.003555584,0.028014954,0.028614277,0.14997303,0.056261834,0.0029810786,0.008070473,0.0072401296,0.069914065,0.011671745,0.03282622,0.058677897
순천 낙안읍성,0.11273724,0.09563965,0.063080035,0.048811506,0.16886592,0.005610091,0.14616331,0.09434016,0.042538032,0.009974217,0.009648822,0.012857115,0.041956473,0.015508455,0.029549686,0.0051724385,0.02925547,0.028054787,0.01758268,0.063815765,0.053762607,0.024297317,0.13843507,0.029103147,0.029263718,0.0043270034,0.021919258,0.022942074,0.052880798,0.14669922
순천드라마촬영장,0.028370386,0.121913664,0.007591624,0.012498485,0.113695204,0.004211337,0.042608485,0.06743798,0.0634789,0.01450496,0.013292874,0.002002922,0.015232107,0.017107518,0.03294066,0.0041053137,0.049260173,0.023588372,0.018481292,0.028057916,0.053466763,0.016089883,0.03146257,0.007132483,0.01682663,0.0025976496,0.020603122,0.015619346,0.054760475,0.03749181
순천만국가정원,0.13051006,0.16157015,0.10665963,0.03797099,0.09825852,0.021262223,0.3219111,0.102565296,0.09014331,0.02247305,0.020433908,0.017193248,0.030036042,0.032887556,0.02958292,0.010671762,0.053995416,0.067038596,0.11247524,0.055372372,0.13346347,0.0639052,0.15052599,0.0059989756,0.057231158,0.006367031,0.052337706,0.012503017,0.0684811,0.15558335
스누피가든,0.034649245,0.30575165,0.1029318,0.01669325,0.11722961,0.0057871817,0.20169945,0.26633096,0.08493215,0.023361513,0.046446152,0.024139844,0.026861401,0.11859686,0.03248228,0.018479785,0.021115491,0.037210915,0.068434745,0.0504718,0.05821888,0.08134322,0.10598499,0.01346966,0.10397609,0.007513667,0.21586525,0.045054786,0.0508071,0.11968404
스카이라인루지 통영,0.07545991,0.0902711,0.02002979,0.005633569,0.39371258,0.0038268368,0.09006396,0.20319107,0.11632485,0.015761407,0.031984765,0.037074126,0.009251205,0.0043005613,0.04511406,0.0053596,0.007387342,0.06800146,0.0044311597,0.026967658,0.020431008,0.13495407,0.0035222904,0.00328572,0.0031436197,0.3234628,0.03668538,0.012484737,0.0057290653,0.011448034
스타필드 수원,0.0069827684,0.030548232,0.015283086,0.016909402,0.0438272,0.0039380994,0.017327039,0.05649653,0.009504296,0.009760168,0.0036092824,0.0060009724,0.06944321,0.07597006,0.047227133,0.010320135,0.05897025,0.067216784,0.01416009,0.015738947,0.037577376,0.049046077,0.0036773244,0.0038502824,0.002290631,0.002735643,0.012496988,0.011508795,0.030904843,0.015022605
스타필드 안성,0.025789382,0.02583717,0.022090618,0.016794361,0.11991864,0.00209084,0.029044203,0.19610748,0.0138997575,0.004260397,0.009838607,0.006594042,0.046397086,0.038000386,0.029432198,0.012514884,0.050291218,0.12574035,0.023206709,0.01663057,0.039356954,0.055048604,0.0063463734,0.001742441,0.005111578,0.0032847268,0.029025553,0.027488472,0.005109949,0.015140533
스파크랜드,0.05570485,0.040441964,0.02009502,0.010014934,0.24592596,0.03924648,0.04558006,0.3113717,0.03665115,0.027500158,0.035313778,0.030748855,0.02078471,0.028941948,0.024487171,0.0062861126,0.043454513,0.1072722,0.014140826,0.031309985,0.029727837,0.10942244,0.0056045116,0.004332531,0.19608307,0.070278585,0.1023474,0.0075863604,0.020585338,0.016981771
시흥프리미엄아울렛,0.007992759,0.049108062,0.005742993,0.015685858,0.01181576,0.009250888,0.019861901,0.053122137,0.00592768,0.003178295,0.0008260131,0.0069468,0.03234311,0.0076985047,0.050992947,0.009282979,0.035311256,0.06970032,0.0071019786,0.0077594193,0.009463496,0.008137985,0.0017277357,0.0007705177,0.0013121462,0.001167505,0.015453413,0.0026837331,0.0010973794,0.0042340388
아르떼뮤지엄 강릉,0.031256612,0.27555695,0.09560901,0.064528614,0.1728956,0.027509449,0.114728905,0.19173539,0.116133384,0.05805293,0.041409057,0.016281115,0.013355039,0.028382802,0.010696894,0.010001267,0.032176312,0.017603757,0.033819504,0.05626143,0.011966462,0.059231177,0.007922611,0.009212784,0.2100999,0.004572216,0.15412207,0.0076681427,0.037803985,0.027016822
아르떼뮤지엄 제주,0.031227726,0.21603894,0.06329196,0.040327866,0.18004361,0.011596517,0.074351765,0.17354156,0.086967885,0.068528615,0.048516005,0.020580903,0.009555106,0.050705377,0.012035027,0.009653153,0.018190302,0.03274992,0.027355123,0.041136563,0.015734823,0.04653452,0.0061823516,0.012438441,0.16411968,0.0061111106,0.09837862,0.006203502,0.030206505,0.0363387
아침고요수목원,0.10528261,0.26158607,0.15228575,0.06944899,0.061160594,0.06556474,0.48913005,0.12740782,0.13673307,0.03713485,0.022714688,0.013008867,0.024987252,0.054371145,0.022729713,0.010533556,0.051684752,0.020845752,0.047946997,0.044088,0.070839,0.05965432,0.22514357,0.0057467134,0.052630886,0.0053763497,0.06738169,0.009606879,0.04313499,0.24546915
아쿠아플라넷 일산,0.16099909,0.049427986,0.044999793,0.008942189,0.2407647,0.008858114,0.048872754,0.4517186,0.096602984,0.025629535,0.0379741,0.01758655,0.02379195,0.029311532,0.040950358,0.011004713,0.059779752,0.053296328,0.13408236,0.039627228,0.10273506,0.09359109,0.016482763,0.0050622965,0.14444494,0.008626695,0.07667743,0.013855583,0.034894433,0.046276763
아쿠아필드 고양,0.07378101,0.01981646,0.10601533,0.018661674,0.08498715,0.014466946,0.051592633,0.16353029,0.08484557,0.032319143,0.0221711,0.01712278,0.08603613,0.012087022,0.048277214,0.011416355,0.03953613,0.07891834,0.111185886,0.047639407,0.28713003,0.07661971,0.010225026,0.003518488,0.0051166206,0.0119062625,0.067933306,0.006634268,0.02425061,0.063925594
아홉산숲,0.050355446,0.09060602,0.16181503,0.05326203,0.017865637,0.0040422217,0.12592791,0.03491128,0.07854737,0.018194968,0.017453698,0.015445863,0.011148253,0.011456295,0.03551027,0.00842565,0.033495165,0.012826789,0.032005347,0.04346016,0.07142468,0.019801324,0.38771468,0.004263063,0.014374545,0.003964244,0.05933108,0.006963564,0.20611511,0.371353
안동하회마을,0.119953476,0.098228835,0.07285622,0.051223975,0.06740487,0.008719133,0.2077209,0.07338437,0.04200073,0.008471933,0.014633585,0.013202258,0.019936558,0.036436025,0.019124242,0.008276491,0.08889259,0.026986906,0.028951079,0.16096488,0.053320266,0.08162338,0.16122605,0.07077462,0.049284298,0.011312109,0.031578597,0.018499628,0.07178315,0.18479267
알파카월드,0.08552535,0.09813624,0.09976344,0.01836091,0.32715696,0.0074811764,0.13094115,0.42743683,0.09703236,0.03374837,0.048597082,0.015327709,0.033771284,0.042558495,0.026521206,0.008920354,0.051625893,0.11481577,0.108392484,0.046405513,0.17541063,0.11586798,0.14447436,0.005805774,0.030770611,0.014055574,0.052988764,0.013603375,0.036733616,0.15939431
양파이 장기동 라베니체점,0.035243206,0.02699885,0.022562444,0.08760046,0.02185197,0.0069697658,0.030818103,0.11648323,0.09143394,0.044581126,0.036847625,0.015616019,0.24811292,0.01351109,0.019842902,0.035849422,0.017716335,0.38432533,0.0065548467,0.053420898,0.0776248,0.07537041,0.016768208,0.0042285444,0.0039643426,0.0060354625,0.012429778,0.0076443837,0.007559994,0.027705133
에델바이스 스위스 테마파크,0.23550764,0.25773475,0.044668563,0.051445328,0.22177324,0.006120165,0.19348466,0.24677779,0.067593,0.034138948,0.018089956,0.012042534,0.03880206,0.07113567,0.02525831,0.015957478,0.032740477,0.10105916,0.020036882,0.03899565,0.09101534,0.07112152,0.08881167,0.009141893,0.033690594,0.0313424,0.05555907,0.069806345,0.09404643,0.10948884
에버랜드,0.015159542,0.055135228,0.032554097,0.023373943,0.22631057,0.03977253,0.21517718,0.26365474,0.057549506,0.020774756,0.03546013,0.010647546,0.042154137,0.013330484,0.036140192,0.006980519,0.03662288,0.05675843,0.02837732,0.071308896,0.040346656,0.23316544,0.0133554945,0.007617802,0.03082556,0.13525425,0.028536009,0.0051412,0.019330675,0.023117429
에코랜드 테마파크,0.07717355,0.20580353,0.08110111,0.035401758,0.25125036,0.04020286,0.20710483,0.3825834,0.14405218,0.011983138,0.019789755,0.009099846,0.02332453,0.024741452,0.040394347,0.010242124,0.016278919,0.0667677,0.035444222,0.14109977,0.044309847,0.07287171,0.103963986,0.0065774997,0.022826748,0.023369826,0.061931644,0.0073474394,0.041031282,0.09614055
여수예술랜드,0.23679413,0.30311555,0.047534734,0.047499213,0.16639651,0.023527022,0.16259052,0.16394803,0.16098164,0.03501102,0.026784478,0.025310868,0.012148329,0.031963557,0.027189512,0.009811602,0.008912506,0.043019537,0.033086564,0.028576683,0.032785226,0.13591358,0.041961566,0.004793469,0.15800433,0.07446258,0.10134624,0.011044038,0.05964247,0.053885896
여수해상케이블카,0.37578616,0.10740226,0.041021716,0.075675726,0.07803512,0.33145422,0.122604676,0.06765699,0.08858377,0.017159909,0.02550628,0.010228253,0.016943311,0.030621959,0.029123597,0.0036616107,0.04284821,0.041183382,0.0076785907,0.057235625,0.016056925,0.15505975,0.015967345,0.003819216,0.007904042,0.004967701,0.054823067,0.014183265,0.0071003716,0.027589248
여의도 한강공원,0.11136384,0.06687542,0.094879374,0.04645227,0.046562254,0.10193922,0.31490424,0.026861627,0.01821966,0.030671097,0.043512188,0.0044978885,0.052638363,0.01144312,0.016655486,0.006502113,0.019377816,0.06339294,0.018101465,0.09369312,0.053202085,0.0661042,0.15629803,0.014549125,0.02180523,0.0077435793,0.0611879,0.020030743,0.0105509125,0.19378833
여주프리미엄아울렛,0.0035431038,0.026000116,0.011715705,0.0050992905,0.010950042,0.00072163774,0.019544007,0.01789789,0.003019389,0.0027547362,0.0024825246,0.0004807131,0.02834438,0.0035388605,0.08978982,0.004823748,0.015569214,0.06079779,0.009225414,0.016771859,0.0053737964,0.014331174,0.0009490918,0.0005427233,0.0030571746,0.0030425196,0.0070380475,0.0005347282,0.0009725377,0.0036397378
영일대해수욕장,0.29603755,0.08029472,0.08864685,0.06843969,0.040199168,0.16540365,0.16903572,0.04394572,0.042843487,0.02441802,0.013891897,0.011585895,0.07029127,0.05087091,0.012050844,0.0052214996,0.08330033,0.011694486,0.013525466,0.119809486,0.057460662,0.029582592,0.15980344,0.015993547,0.037254777,0.004144728,0.06643246,0.012376216,0.015096236,0.19305757
예술의전당,0.013335674,0.035431635,0.05607238,0.023934914,0.024451615,0.0071308706,0.041846696,0.03702368,0.007207645,0.00642906,0.003876096,0.0026485897,0.038635306,0.23896642,0.026957583,0.013388793,0.19175282,0.030941429,0.013758836,0.037497684,0.008667677,0.045091428,0.015196928,0.0150985485,0.26745516,0.0026973113,0.017528385,0.00444204,0.015067822,0.035528973
오동도,0.23139873,0.0913294,0.057873778,0.034778044,0.025984166,0.023771083,0.25852355,0.0342783,0.035491727,0.011150131,0.006138377,0.014257035,0.009505792,0.017549641,0.01687166,0.002394214,0.066181354,0.013122546,0.003962639,0.03526448,0.019582225,0.028965099,0.23102699,0.0049301963,0.014124483,0.0022908659,0.04421688,0.009995863,0.03072183,0.21416642
오산버드파크,0.016325308,0.024107462,0.0237096,0.004052276,0.42226595,0.004653229,0.0682976,0.5892077,0.04777558,0.02074302,0.030166812,0.011261688,0.040888127,0.059853178,0.037373457,0.011270829,0.099614725,0.052041937,0.0884418,0.03420788,0.16452941,0.100148134,0.00884642,0.0043576094,0.026140863,0.009458194,0.123414926,0.007107021,0.038667172,0.028850386
오설록 티 뮤지엄,0.08172625,0.09460431,0.07270527,0.09326375,0.14688309,0.006046752,0.04503734,0.14642996,0.06424473,0.008929188,0.01952755,0.016969781,0.16413294,0.15006337,0.021942675,0.018722787,0.054075472,0.115496255,0.0223609,0.04081937,0.118642814,0.064794675,0.034057792,0.01213027,0.026921315,0.0059577134,0.051963996,0.0067942436,0.024398737,0.06507324
오죽헌,0.043090824,0.088217095,0.042659417,0.040082876,0.14820774,0.0062975087,0.12839065,0.195653,0.05212435,0.010702256,0.007442515,0.01173421,0.00562686,0.012379837,0.021734426,0.00553547,0.029378792,0.030396001,0.03498808,0.10475659,0.10319882,0.030109938,0.14459468,0.11071692,0.13221544,0.004821769,0.038840115,0.0076861996,0.061532028,0.14658295
온달관광지,0.019255579,0.07469375,0.023707991,0.020500112,0.06194841,0.0040233717,0.06364895,0.047984377,0.032001298,0.015891967,0.009580864,0.002140153,0.010451919,0.0065793707,0.020551074,0.002143554,0.012307668,0.019029623,0.01958091,0.02522418,0.042869963,0.012756325,0.03301732,0.016992636,0.060170878,0.0018549759,0.06916078,0.003959779,0.047505483,0.05364601
올림픽공원,0.17118193,0.1190507,0.09225065,0.054215517,0.035681047,0.046562403,0.4250448,0.045701336,0.055806853,0.01430156,0.01605511,0.013577733,0.029020509,0.03331957,0.008194917,0.005433736,0.032757208,0.015785651,0.037203494,0.070601225,0.036825255,0.03303382,0.30029255,0.032444127,0.09624002,0.005839069,0.04552584,0.027725814,0.018612003,0.32130432
외도 보타니아,0.24625981,0.1271175,0.046013243,0.039066557,0.029006144,0.0025203214,0.14502226,0.032845683,0.05175153,0.008287795,0.007849908,0.0043947967,0.028846977,0.15634134,0.017466776,0.0024651524,0.010142774,0.028727831,0.00803566,0.02617401,0.04899401,0.050216842,0.051413026,0.0017411935,0.017731937,0.002289856,0.07218847,0.0020700376,0.010799716,0.062356073
우도,0.19556585,0.07566674,0.08248572,0.035212856,0.04589771,0.004219194,0.08803041,0.05806917,0.035225693,0.005946122,0.005386583,0.012008155,0.027381279,0.020962391,0.011065087,0.004040968,0.022304242,0.039205037,0.019720366,0.060320944,0.022464108,0.035304617,0.018100757,0.001773486,0.0024526159,0.0021292022,0.0267371,0.005369857,0.02560204,0.03071214
울산대공원,0.024317224,0.023723025,0.016140021,0.014231771,0.010785622,0.013665643,0.058544707,0.043442678,0.008067468,0.005831002,0.011100894,0.0031802172,0.008163012,0.029732184,0.020928456,0.0018024639,0.045948897,0.04279725,0.012380437,0.0044188397,0.024675196,0.0042666784,0.061529774,0.0008416501,0.0035048947,0.0013379983,0.016142575,0.0033017783,0.001282395,0.066549994
웅진플레이도시,0.012360469,0.019262804,0.02690298,0.010958975,0.20072885,0.0073961574,0.067710236,0.45643938,0.060698032,0.006163193,0.028810311,0.012403927,0.07461923,0.023179041,0.057604894,0.0080439765,0.049649682,0.06306427,0.04972779,0.057684943,0.10789046,0.08729111,0.010338304,0.0026892528,0.0036465614,0.013002019,0.08982107,0.003978245,0.020995732,0.028956374
웨이브파크,0.052068036,0.023155035,0.040865067,0.012400915,0.21502994,0.0063492553,0.08214959,0.4026739,0.060165107,0.0048027947,0.01644904,0.018206727,0.110723704,0.021429323,0.048297536,0.016220646,0.14474566,0.13041402,0.050599393,0.06170113,0.23584263,0.08161304,0.009353853,0.004333967,0.00683324,0.028754167,0.038598876,0.006303439,0.031675693,0.03478161
의왕레일바이크,0.19015627,0.08806031,0.040534552,0.008729743,0.11550064,0.004132115,0.1263306,0.08868116,0.0469753,0.030099275,0.0083773,0.013999916,0.0066065034,0.008441082,0.022521663,0.0019756635,0.017439723,0.017400904,0.0053081024,0.023724254,0.027227512,0.0668809,0.032016113,0.0015195305,0.003922199,0.004529467,0.037529815,0.0036372591,0.0026592293,0.034742936
이성당,0.015016322,0.032139048,0.023803921,0.018519219,0.026774365,0.020302884,0.037777547,0.04480248,0.042890314,0.006066721,0.01715427,0.008684711,0.12236762,0.8442925,0.122937515,0.013050185,0.038770888,0.06836652,0.008554915,0.08443479,0.021387562,0.33209836,0.005602345,0.014381205,0.007031413,0.007944618,0.020224983,0.0042293454,0.009207188,0.01774131
이순신공원,0.25395265,0.057085194,0.036418147,0.034787126,0.01305842,0.0039941827,0.054318395,0.017266357,0.012583205,0.004132362,0.0038572203,0.002087202,0.010502275,0.0046545938,0.01846803,0.0041441205,0.102729976,0.012604867,0.013552402,0.020845711,0.036436107,0.011362306,0.26277903,0.015546151,0.0026882386,0.0017855825,0.024089785,0.017046548,0.022011576,0.2648881
이월드,0.040982008,0.10742018,0.030202763,0.021363657,0.22553489,0.052511245,0.27337226,0.2904989,0.05359345,0.025401203,0.052115824,0.02060772,0.07846924,0.021716544,0.058088418,0.012808267,0.05830831,0.06185195,0.021098213,0.045442414,0.044929516,0.17030314,0.011187899,0.0064039337,0.0108502405,0.25654274,0.020364994,0.010186757,0.02496487,0.037138492
이탈리아마을 피노키오와 다빈치,0.04051502,0.32491857,0.017922642,0.019172605,0.21338852,0.0045997584,0.13601625,0.47733906,0.069611825,0.0151576195,0.013832797,0.0066695292,0.02610874,0.0095694605,0.01103824,0.0030840666,0.016944453,0.023857543,0.025474036,0.012454377,0.039998833,0.031111939,0.030800126,0.002316389,0.07342808,0.003713512,0.062104996,0.0044925017,0.02567004,0.03729164
인스파이어 엔터테인먼트 리조트,0.065542415,0.08385462,0.04461413,0.051254135,0.07459331,0.008640148,0.030803062,0.13391176,0.08579896,0.0140802,0.02214181,0.012887677,0.1154401,0.07419645,0.038697537,0.019023009,0.10559668,0.123444185,0.06506836,0.04549711,0.112209514,0.09792792,0.019400535,0.005312374,0.033393923,0.011110719,0.06845204,0.006886873,0.02933678,0.048491236
임실치즈테마파크,0.009959352,0.07538792,0.012459246,0.011416484,0.15148732,0.008213587,0.06116362,0.114676274,0.043483358,0.0050856825,0.0045149,0.008373773,0.03834022,0.01857057,0.0152585665,0.0050978083,0.020219827,0.03479159,0.013006268,0.02185116,0.030817352,0.032939542,0.012968059,0.005186834,0.023219902,0.0030064934,0.01155832,0.0049054343,0.0606289,0.020543939
자라섬,0.22808595,0.1809105,0.0946769,0.04703695,0.0526709,0.009336549,0.48628423,0.057115864,0.06078294,0.023667611,0.021895269,0.019863458,0.06020112,0.15207532,0.033338223,0.008081181,0.054718446,0.05173152,0.039336473,0.108685896,0.04874469,0.021856956,0.14740755,0.0072061373,0.022719642,0.005523902,0.0678346,0.020673526,0.123280436,0.16802847
장생포고래문화마을,0.034362353,0.1194895,0.020751135,0.025960024,0.17422633,0.0056068366,0.040522717,0.14327161,0.06261488,0.014238021,0.012682278,0.009182838,0.012105613,0.022111561,0.019991586,0.0078045283,0.029801348,0.05465188,0.0088809645,0.03415606,0.033184055,0.04383376,0.02552018,0.09986453,0.032565504,0.004097011,0.011646768,0.012897822,0.06981849,0.033577397
전주 한옥마을,0.07571575,0.101729736,0.05051165,0.06640496,0.07051461,0.059143785,0.09881975,0.04203921,0.052325897,0.017808717,0.025178224,0.004505172,0.1853686,0.062723376,0.013742033,0.013671708,0.03613133,0.04923609,0.014540866,0.06192565,0.024017725,0.04527308,0.066767864,0.028148461,0.00975356,0.014159228,0.017492883,0.014652993,0.020177105,0.07024745
정방폭포,0.31901032,0.15149134,0.05411569,0.06863799,0.014295807,0.002896375,0.10168391,0.040119316,0.039331272,0.005310703,0.007968597,0.0047759176,0.011601857,0.009664956,0.011589176,0.006170109,0.05094604,0.003523594,0.0128919175,0.07892917,0.023559129,0.032762576,0.041602846,0.0067276796,0.026231257,0.0023534563,0.28185585,0.0021257924,0.049283575,0.05322916
제주돌문화공원,0.18704523,0.26975375,0.14421324,0.06115789,0.087438665,0.0073953434,0.16554193,0.1109016,0.08363543,0.018513644,0.017943518,0.024682622,0.01728155,0.027789213,0.02533462,0.029360011,0.041319154,0.053346425,0.12387445,0.08853649,0.042964958,0.08144298,0.24104767,0.17846619,0.14166129,0.01661898,0.06462384,0.010418365,0.05658122,0.24448149
제주신화월드,0.04266942,0.026321813,0.037593883,0.027199192,0.080914244,0.0155047,0.05717876,0.24202141,0.124550544,0.010119993,0.011430893,0.01110419,0.10610533,0.0262503,0.04379687,0.022944147,0.022630094,0.21347164,0.050973725,0.04196354,0.1077873,0.056401547,0.013705597,0.003121158,0.004138842,0.03564277,0.041167073,0.006827365,0.023093572,0.060975872
조양방직,0.038999535,0.18844704,0.05516623,0.15650374,0.10604796,0.058305763,0.047349326,0.08032662,0.11292533,0.036278784,0.021703484,0.011647364,0.053330135,0.57771313,0.026360333,0.013781224,0.089795336,0.043237377,0.10788544,0.06782105,0.027077707,0.08823699,0.014899848,0.022969618,0.046923563,0.0058472096,0.0649257,0.007963902,0.023114497,0.047419418
주문진수산시장,0.008857071,0.0037696518,0.011717829,0.0009958557,0.004850772,0.0006841932,0.003438575,0.004159428,0.0008193423,0.0030099275,0.0028975008,0.0006514895,0.016636895,0.0014125123,0.03906857,0.0055630784,0.18717626,0.06166803,0.0033652515,0.0037532263,0.023214737,0.0065439525,0.0021615562,0.00046739232,0.0011363847,0.0009363699,0.00096947426,0.00072653865,0.0009742258,0.003032102
죽녹원,0.064152084,0.10012167,0.21394834,0.0445765,0.029293187,0.011807846,0.16510148,0.04987086,0.051050812,0.023584362,0.016265986,0.013384775,0.024488896,0.019424466,0.012393204,0.0064138863,0.052236967,0.010607051,0.020662095,0.0353529,0.029139135,0.025580658,0.32419583,0.0076799174,0.01098273,0.00323208,0.102024324,0.00849192,0.039985836,0.32763293
죽도 상화원,0.41081616,0.108661726,0.14345063,0.053140473,0.024607914,0.0071376045,0.13154832,0.054238304,0.09059297,0.01712536,0.013259349,0.021550737,0.03534961,0.23289196,0.030525142,0.01059114,0.14706379,0.033196114,0.010975102,0.046581253,0.0665908,0.047729734,0.441292,0.008705168,0.03991008,0.006644596,0.10900016,0.012105296,0.16420469,0.44877502
중앙시장,0.00080071006,0.00026851578,0.0024738032,0.00038289736,0.0015239528,0.0002651825,0.0016217891,0.0005981998,0.00020412913,0.00013894575,0.0001362508,0.00012554896,0.0041956124,0.00046566568,0.0041854694,0.00019581473,0.007995125,0.062596075,0.004059681,0.004313023,0.006132413,0.0025245924,0.00047584597,0.00014535266,0.00038169534,0.00019628012,0.00022615754,0.00015741703,0.00026328146,0.0006897557
차이나타운,0.018948294,0.022166496,0.012731978,0.03681906,0.065290295,0.008206528,0.030171942,0.04606121,0.031125836,0.020661306,0.01128286,0.008583681,0.1466546,0.06654473,0.013830965,0.0048108664,0.070879035,0.040945686,0.0033232674,0.12858462,0.00755562,0.043268304,0.05107145,0.037324954,0.009225316,0.003961467,0.003527317,0.0044896523,0.024365827,0.047895774
창경궁,0.08406694,0.14141731,0.09814639,0.122857995,0.045732103,0.06515602,0.38224295,0.04620788,0.030929275,0.025300723,0.016823117,0.0109106535,0.009763503,0.01021582,0.015997268,0.005552067,0.018966993,0.013070623,0.022209177,0.09637122,0.044487875,0.042785957,0.23348421,0.08623558,0.06814674,0.005501512,0.029311344,0.011519757,0.09586127,0.25968033
천리포수목원,0.22882032,0.13948773,0.14358604,0.049918074,0.06476551,0.006803123,0.4135529,0.042659357,0.065712325,0.017552787,0.03253172,0.014751508,0.011293898,0.02403636,0.032385558,0.004534028,0.025512645,0.07556618,0.03332214,0.04985932,0.04580245,0.07881743,0.25115967,0.013947768,0.024352178,0.0041030073,0.024713371,0.00678309,0.06595287,0.27267426
천상의정원 수생식물학습원,0.3163062,0.1529325,0.15997192,0.06626321,0.016859287,0.0042260927,0.2597354,0.026609197,0.045628954,0.018437434,0.009895897,0.008145322,0.019749725,0.065837815,0.014041336,0.0067175953,0.021989126,0.026579512,0.03340588,0.0274523,0.036583167,0.1282263,0.19472884,0.004053671,0.023722032,0.0042411666,0.04019042,0.0074397544,0.08089305,0.22958411
천지연폭포,0.13398154,0.15542585,0.058522884,0.0720751,0.019929452,0.09884532,0.06587281,0.049098056,0.058343526,0.006162741,0.0067574494,0.0071987286,0.006048835,0.009873757,0.009564872,0.004454426,0.04695968,0.009480611,0.0045176977,0.062226754,0.017830545,0.024551943,0.21882695,0.0075375475,0.01834946,0.002757411,0.16857202,0.0072776796,0.052898392,0.19971564
첨성대,0.13290936,0.22969498,0.06802502,0.08844004,0.03912149,0.28461105,0.33623114,0.0913275,0.052943014,0.02806061,0.018035125,0.007091282,0.016546175,0.01664129,0.009408372,0.005930039,0.07809148,0.006595881,0.015337757,0.14832662,0.039547183,0.034958698,0.21655463,0.11844522,0.03490367,0.0052491874,0.03523576,0.014777625,0.049084492,0.2247274
청계천,0.08860523,0.09061837,0.13763762,0.09498261,0.033721056,0.13652387,0.25041682,0.04155716,0.037213255,0.040172268,0.02330786,0.011658466,0.03419731,0.021068178,0.0040277,0.0057445746,0.005987912,0.0045835692,0.0042118514,0.115357384,0.042016007,0.034975264,0.36935505,0.023847554,0.031898413,0.0037681323,0.08580674,0.014108463,0.011517446,0.3353087
청남대,0.16050786,0.10001117,0.084317,0.040085476,0.018148374,0.0064399424,0.27475318,0.037615824,0.0889536,0.021025082,0.012532832,0.012424238,0.018002143,0.029804565,0.014063079,0.007536256,0.07940572,0.028210953,0.056743022,0.093265414,0.119141355,0.059454035,0.31167352,0.03598718,0.05993275,0.005948926,0.03073917,0.013021556,0.053807255,0.31408194
청와대사랑채,0.12432796,0.078520305,0.15382995,0.07639483,0.28539333,0.020480853,0.10413455,0.081889816,0.05678735,0.050270736,0.05240067,0.018504253,0.012659031,0.057463016,0.0067884643,0.0060402458,0.01035935,0.040556237,0.044729576,0.08789888,0.052785575,0.026221296,0.06858495,0.0360328,0.49825442,0.0056308606,0.021982584,0.007764763,0.10253676,0.14272471
청풍문화유산단지,0.24319586,0.067444414,0.057338834,0.041441917,0.022030707,0.0032585182,0.12637049,0.042910997,0.022518983,0.006980384,0.0028097795,0.0036456021,0.007906884,0.0031668132,0.014735248,0.010474581,0.018020632,0.007523875,0.021816768,0.06868904,0.06000363,0.027729485,0.1717518,0.13102263,0.045039896,0.0028347308,0.02993678,0.0038008303,0.0639214,0.19988781
충주호유람선 장회나루,0.3968339,0.11860585,0.0747062,0.084724374,0.12711208,0.0063654636,0.21437097,0.06589129,0.36795527,0.013560992,0.022318559,0.009046933,0.010671699,0.010417298,0.013263757,0.0074373535,0.015407262,0.24567266,0.020142235,0.027917286,0.049848836,0.07710923,0.0059882808,0.0074902526,0.048901632,0.0077039837,0.13591824,0.021141307,0.0060398653,0.020042744
카멜리아힐,0.057778753,0.34836462,0.1332987,0.05129343,0.031845972,0.0044603534,0.49040353,0.057584777,0.106296785,0.015949477,0.023787472,0.011644596,0.009082304,0.054727405,0.021859406,0.005941692,0.01549286,0.01843358,0.040451873,0.03565944,0.072266154,0.07042123,0.27082196,0.004110641,0.027784847,0.003983077,0.03630954,0.026409745,0.049908556,0.26206398
캐리비안 베이,0.009650145,0.013379971,0.028278053,0.0074825673,0.26401746,0.009041951,0.12898467,0.186447,0.037238024,0.008257073,0.06126653,0.010398427,0.06481945,0.0094294725,0.058590364,0.0073237442,0.04245995,0.051829144,0.037358426,0.08325762,0.069426075,0.20393674,0.006828173,0.0038620536,0.0041872235,0.08416212,0.07825258,0.005882831,0.030063316,0.029037237
타임스퀘어,0.0018256342,0.0031435958,0.010640485,0.010759579,0.011088038,0.0006733739,0.0127696525,0.010724482,0.0007961359,0.0027956138,0.0025555217,0.0029902856,0.022737347,0.034236792,0.031775948,0.0029270123,0.035771236,0.054794688,0.0050114365,0.0035547349,0.018245671,0.023505084,0.001366841,0.00041301097,0.00096294977,0.00081895693,0.002845447,0.0005171473,0.0028637361,0.008164334
태종대,0.18780409,0.0525981,0.055123273,0.021569587,0.022284858,0.013048144,0.107707195,0.013795115,0.022674121,0.0046565174,0.0020221474,0.0063843895,0.009516107,0.013695169,0.017846027,0.00465367,0.16009203,0.032791715,0.027263243,0.040518012,0.017765231,0.027721638,0.11405477,0.0073535386,0.013467198,0.0043582865,0.057183355,0.028150493,0.015070281,0.10264697
태화강 국가정원,0.07599246,0.11769101,0.06899155,0.051185697,0.027946724,0.045514926,0.21376601,0.047704864,0.045872297,0.015974432,0.013081349,0.011416252,0.030741708,0.016376426,0.00961007,0.005841016,0.05231113,0.026260698,0.024114467,0.041443937,0.03709167,0.02093184,0.2726666,0.006395397,0.06782241,0.0032669427,0.04836399,0.025942659,0.023880312,0.2563156
통영케이블카,0.44015378,0.08294522,0.04203783,0.036909714,0.093290344,0.025763072,0.17421618,0.08695821,0.08563005,0.006711238,0.008802637,0.013260464,0.003358495,0.013821026,0.03032813,0.005175319,0.010355014,0.03125544,0.0048128036,0.024909975,0.006509419,0.12398098,0.008139316,0.0020660388,0.0047461805,0.09564965,0.06456653,0.01052376,0.008373054,0.018834243
통인시장,0.0058656116,0.0067001856,0.0018269599,0.0042554145,0.15140009,0.0038620874,0.011509431,0.09006687,0.012809668,0.0068013817,0.0038337964,0.003980133,0.14308028,0.010060466,0.029509133,0.0050631706,0.0009893356,0.0850537,0.009068544,0.010171736,0.0074599497,0.013887994,0.0018795978,0.00386547,0.0041194237,0.0022773643,0.008767467,0.0014404857,0.0025291797,0.0027964464
파라다이스시티,0.029548619,0.038933493,0.057696562,0.046344005,0.047723655,0.0113925915,0.029616741,0.13075079,0.08870016,0.014169965,0.018692302,0.008421272,0.114656664,0.08312952,0.027362106,0.01619903,0.017090058,0.15413025,0.02431328,0.039654754,0.07488167,0.0426585,0.01292862,0.006332583,0.035480715,0.008993507,0.045334395,0.0050747884,0.026421253,0.031231627
퍼스트가든,0.049325384,0.244418,0.032615844,0.07545375,0.16822614,0.2101049,0.09715737,0.26072282,0.09486178,0.0745401,0.025514765,0.012883771,0.06171383,0.08032111,0.033139773,0.015596487,0.058144078,0.08446429,0.040788602,0.024337335,0.057442203,0.053897616,0.05744571,0.007235163,0.017879726,0.08523356,0.03450988,0.028810024,0.05480902,0.06431717
평화광장,0.13227989,0.015867487,0.021527566,0.01174465,0.011003801,0.020915313,0.05048623,0.0195762,0.011448784,0.010695361,0.0041545406,0.0017066044,0.03675034,0.08713553,0.0051419805,0.004749506,0.01987179,0.06213706,0.010835331,0.028142666,0.020501524,0.03950589,0.059541,0.0016176271,0.0054992405,0.001591914,0.026802182,0.0044963346,0.0019566757,0.06541481
피나클랜드 수목원,0.11081225,0.30996352,0.09596965,0.034150504,0.078771554,0.032539014,0.5343926,0.12557204,0.11491228,0.040508453,0.016435854,0.013852625,0.08832729,0.07499077,0.04288836,0.013857962,0.096552715,0.029676814,0.041833878,0.050613426,0.08375016,0.080606915,0.2108745,0.005760718,0.023402425,0.0074524544,0.033456232,0.029284615,0.1270212,0.22396241
하늘공원,0.4060428,0.17946357,0.07045615,0.04148951,0.04703806,0.04051148,0.26684165,0.04344927,0.0440382,0.0324865,0.02271906,0.024159132,0.01788082,0.022661414,0.021090701,0.004674825,0.04541723,0.008975119,0.018483479,0.06455864,0.018401856,0.0699542,0.16725408,0.004656176,0.0229602,0.004396615,0.0579447,0.018358149,0.013450371,0.16486773
하슬라아트월드,0.32159492,0.46447244,0.07997809,0.04578949,0.1076297,0.012548409,0.11273443,0.1178195,0.090335645,0.041768014,0.035627015,0.019152349,0.037934672,0.10419668,0.020974457,0.013968286,0.054772656,0.058094867,0.025921674,0.02738433,0.025880871,0.124257624,0.054184277,0.008586925,0.25451374,0.0063310834,0.09979988,0.024413753,0.05425937,0.07181732
하이원 워터월드,0.019712638,0.01542406,0.033769906,0.0055716704,0.22878538,0.004370926,0.1361381,0.2912543,0.08665054,0.0070168013,0.016563559,0.015374031,0.06260233,0.009025027,0.04195543,0.00677316,0.02597778,0.1334804,0.06179883,0.03309037,0.1605918,0.11604434,0.0057412954,0.0031286927,0.0040449337,0.07311755,0.16043153,0.010188029,0.010808604,0.025133163
한국민속촌,0.047555618,0.11722562,0.03960815,0.04696187,0.29305297,0.055745143,0.20358893,0.28262195,0.08904211,0.024143482,0.031888027,0.0103320535,0.086306356,0.021589454,0.053019494,0.015580837,0.06955472,0.081582256,0.022412915,0.05243105,0.035906643,0.13032258,0.04823191,0.017057111,0.029653432,0.114654474,0.030291596,0.01367119,0.038081855,0.069654934
한림공원,0.038918294,0.15045656,0.09235002,0.0388648,0.071055695,0.01001767,0.26557988,0.13762932,0.11811315,0.015097044,0.017101852,0.031010536,0.015129083,0.013956503,0.034228217,0.019197948,0.02761136,0.023248447,0.091117755,0.05645547,0.11789974,0.087655194,0.21053071,0.015852999,0.06800215,0.010419326,0.1336466,0.024658771,0.07203449,0.21335776
한반도지형,0.20395803,0.091156654,0.02790272,0.045674954,0.02552192,0.0020736086,0.09517465,0.054778796,0.031025685,0.0064175455,0.008077597,0.002134052,0.007268934,0.0067484993,0.02014172,0.006921735,0.22882143,0.017452184,0.008417393,0.0241134,0.016698057,0.01341165,0.1364892,0.004189702,0.0032157993,0.002146748,0.015744187,0.012209545,0.034586936,0.12534569
합천영상테마파크,0.02374009,0.19757427,0.02223419,0.019419916,0.1494802,0.00344336,0.12702967,0.14629738,0.10128548,0.026749594,0.021918816,0.009823161,0.038260154,0.020118633,0.0296398,0.00854739,0.024655933,0.04391521,0.057163082,0.044915702,0.06005182,0.053646795,0.0412271,0.010178445,0.034255117,0.0046126274,0.03631165,0.01963045,0.052144546,0.047359068
해운대,0.24402805,0.04373338,0.060536593,0.04363911,0.033959858,0.043964926,0.11257331,0.03265815,0.033410575,0.019134026,0.019631544,0.010951465,0.05377722,0.13849762,0.00973521,0.0057180463,0.037341125,0.045663364,0.0056763897,0.098297514,0.036085237,0.033912078,0.08456958,0.0094544375,0.027729075,0.0033344992,0.062190454,0.0067953966,0.017672788,0.13916397
해피초원목장,0.1894491,0.18637799,0.06671262,0.027932001,0.15736078,0.0033126015,0.105302036,0.2039271,0.033768903,0.044991598,0.024056824,0.013288465,0.034417894,0.024530476,0.023453437,0.01279789,0.015221482,0.03669965,0.018959086,0.02161795,0.027276624,0.045224775,0.04406406,0.0031580662,0.009135263,0.004776561,0.022435002,0.019591155,0.042445205,0.04489955
허브아일랜드,0.07057094,0.34805363,0.1592044,0.067086756,0.10733886,0.1243939,0.16686349,0.17037354,0.086253695,0.106199294,0.033474497,0.01637184,0.023509022,0.07748683,0.017900277,0.0061330535,0.02093453,0.05207453,0.03688545,0.024688665,0.1535812,0.07732602,0.08670897,0.0050068605,0.017827978,0.022279207,0.031832695,0.024066063,0.08786895,0.10710815
헤이리 예술마을,0.022815155,0.052930374,0.052958515,0.034707267,0.13991505,0.003817059,0.07988551,0.059872378,0.043213096,0.048694562,0.039466333,0.01313708,0.0354211,0.06804217,0.0115304,0.010502567,0.0732297,0.04322542,0.028619107,0.030931318,0.021891799,0.027946273,0.08530687,0.023659421,0.064666905,0.004932903,0.014401752,0.025935972,0.02332985,0.10682204
현대 모터스튜디오 고양,0.0055703386,0.06730621,0.009497701,0.014284561,0.2488086,0.0046075233,0.011554019,0.6678528,0.03491549,0.007963473,0.010044013,0.0027419534,0.02366466,0.056761812,0.020858783,0.0034588855,0.049360164,0.046061236,0.028342236,0.03668428,0.027883764,0.11126497,0.003763594,0.006194697,0.24932137,0.0063867145,0.018423889,0.0030261537,0.03369569,0.0072688973
현대백화점 더현대 서울,0.014558866,0.017949728,0.011813166,0.028290417,0.032185856,0.005016012,0.02016707,0.029315284,0.005306032,0.0050488203,0.007320099,0.011137813,0.06232834,0.07229907,0.023396973,0.014122341,0.035999168,0.07279056,0.01427737,0.019532934,0.023249555,0.029555902,0.004917717,0.0024793118,0.013564626,0.0020011081,0.00802599,0.005931094,0.010988775,0.0086001875
협재해수욕장,0.41014445,0.12676921,0.07238106,0.063375644,0.029550742,0.021651724,0.12792349,0.11214014,0.026233587,0.0045303376,0.008305174,0.006552471,0.04625307,0.042553842,0.00956454,0.0030921465,0.06335714,0.010158793,0.0027977102,0.06496456,0.07124627,0.028987432,0.047297917,0.004373975,0.0032572525,0.0028213724,0.030079065,0.006243907,0.016057245,0.064708725
호미곶,0.25626472,0.16970822,0.040217273,0.029755412,0.049969155,0.013844974,0.15636633,0.054446142,0.036559388,0.01624344,0.01055219,0.008452224,0.026615378,0.015230988,0.014507592,0.0029332663,0.058384307,0.03863175,0.021498458,0.042413812,0.040347993,0.029293302,0.041490808,0.0037447242,0.018036837,0.0024942607,0.043526173,0.010630888,0.02383984,0.062954485
화담숲,0.13210015,0.120824605,0.091255605,0.063787945,0.03697758,0.00679426,0.40245435,0.06520459,0.070293285,0.012373426,0.015664142,0.006678996,0.14375521,0.024156807,0.03198527,0.017055774,0.04812949,0.031221597,0.017679952,0.046251424,0.04485693,0.16725214,0.20012829,0.007061737,0.03085922,0.0057688206,0.03884358,0.0069636237,0.025475072,0.20070301
화성행궁,0.067509376,0.09863033,0.037316263,0.06515591,0.07333709,0.08697744,0.11162598,0.092490174,0.033299252,0.020913828,0.026968934,0.006470151,0.026949216,0.045821752,0.009049085,0.009484517,0.04248294,0.024904162,0.039814778,0.08866521,0.029745555,0.044620782,0.1611784,0.058123417,0.04356004,0.006017856,0.03036896,0.006512865,0.03511488,0.15189902
화암동굴,0.030176105,0.026226133,0.014056371,0.017688714,0.068281345,0.0057928595,0.046650916,0.15030007,0.064015135,0.0021195665,0.01574186,0.0016480403,0.005666058,0.0059681716,0.005390315,0.0044069076,0.01981634,0.016636593,0.019770695,0.036198583,0.006510502,0.037448194,0.0123903975,0.030333376,0.050436307,0.0016880652,0.09107483,0.008520652,0.021118257,0.022405371
환선굴,0.016264375,0.018760126,0.028190123,0.02111501,0.047431823,0.004041697,0.088977545,0.09218652,0.05345502,0.0042521986,0.003646152,0.003364909,0.006560975,0.0032511696,0.012453329,0.0020165197,0.03493344,0.017984455,0.0764055,0.022116195,0.013081511,0.08755863,0.014581805,0.0012978541,0.041689564,0.004232718,0.13042895,0.005509161,0.011125577,0.013803386
